재무제표종류,종목코드,회사명,시장구분,업종,업종명,결산월,결산기준일,보고서종류,통화,항목코드,항목명,당기,전기,전전기
"포괄손익계산서, 성격별 분류(세후기타포괄손익) - 연결재무제표",[104620],노랑풍선,코스닥시장상장법인,752,여행사 및 기타 여행보조 서비스업,12,2020-12-31,사업보고서,KRW,ifrs-full_Revenue,영업수익,"19,959,493,919","76,779,803,060","92,775,359,629"
"포괄손익계산서, 성격별 분류(세후기타포괄손익) - 연결재무제표",[104620],노랑풍선,코스닥시장상장법인,752,여행사 및 기타 여행보조 서비스업,12,2020-12-31,사업보고서,KRW,dart_OperatingExpenses,영업비용,"26,279,506,934","78,838,324,995","89,230,314,682"
"포괄손익계산서, 성격별 분류(세후기타포괄손익) - 연결재무제표",[104620],노랑풍선,코스닥시장상장법인,752,여행사 및 기타 여행보조 서비스업,12,2020-12-31,사업보고서,KRW,dart_OperatingIncomeLoss,영업이익(손실),"-6,320,013,015","-2,058,521,935","3,545,044,947"
"포괄손익계산서, 성격별 분류(세후기타포괄손익) - 연결재무제표",[104620],노랑풍선,코스닥시장상장법인,752,여행사 및 기타 여행보조 서비스업,12,2020-12-31,사업보고서,KRW,ifrs-full_FinanceIncome,금융수익,"500,546,858","910,974,594","523,867,391"
"포괄손익계산서, 성격별 분류(세후기타포괄손익) - 연결재무제표",[104620],노랑풍선,코스닥시장상장법인,752,여행사 및 기타 여행보조 서비스업,12,2020-12-31,사업보고서,KRW,ifrs-full_FinanceCosts,금융비용,"489,493,409","688,190,828","777,843,031"
"포괄손익계산서, 성격별 분류(세후기타포괄손익) - 연결재무제표",[104620],노랑풍선,코스닥시장상장법인,752,여행사 및 기타 여행보조 서비스업,12,2020-12-31,사업보고서,KRW,dart_OtherGains,기타영업외수익,"210,446,607","101,563,591","1,143,132,418"
"포괄손익계산서, 성격별 분류(세후기타포괄손익) - 연결재무제표",[104620],노랑풍선,코스닥시장상장법인,752,여행사 및 기타 여행보조 서비스업,12,2020-12-31,사업보고서,KRW,dart_OtherLosses,기타영업외비용,"665,116,090","112,763,904","98,236,257"
"포괄손익계산서, 성격별 분류(세후기타포괄손익) - 연결재무제표",[104620],노랑풍선,코스닥시장상장법인,752,여행사 및 기타 여행보조 서비스업,12,2020-12-31,사업보고서,KRW,entity00632845_udf_IS_202131114322533_StatementOfComprehensiveIncomeAbstract,관계기업투자관련손실,,,"30,181,200"
"포괄손익계산서, 성격별 분류(세후기타포괄손익) - 연결재무제표",[104620],노랑풍선,코스닥시장상장법인,752,여행사 및 기타 여행보조 서비스업,12,2020-12-31,사업보고서,KRW,ifrs-full_ProfitLossBeforeTax,법인세비용차감전순이익(손실),"-6,763,629,049","-1,846,938,482","4,305,784,268"
"포괄손익계산서, 성격별 분류(세후기타포괄손익) - 연결재무제표",[104620],노랑풍선,코스닥시장상장법인,752,여행사 및 기타 여행보조 서비스업,12,2020-12-31,사업보고서,KRW,ifrs-full_IncomeTaxExpenseContinuingOperations,법인세수익,"-862,357,504","-191,105,548","-180,261,706"
"포괄손익계산서, 성격별 분류(세후기타포괄손익) - 연결재무제표",[104620],노랑풍선,코스닥시장상장법인,752,여행사 및 기타 여행보조 서비스업,12,2020-12-31,사업보고서,KRW,entity00632845_udf_IS_2019510162120207_StatementOfComprehensiveIncomeAbstract,당기연결순이익(손실),"-5,901,271,545","-1,655,832,934","4,486,045,974"
"포괄손익계산서, 성격별 분류(세후기타포괄손익) - 연결재무제표",[104620],노랑풍선,코스닥시장상장법인,752,여행사 및 기타 여행보조 서비스업,12,2020-12-31,사업보고서,KRW,ifrs-full_ProfitLossAttributableToAbstract,당기연결순이익(손실)의 귀속,,,
"포괄손익계산서, 성격별 분류(세후기타포괄손익) - 연결재무제표",[104620],노랑풍선,코스닥시장상장법인,752,여행사 및 기타 여행보조 서비스업,12,2020-12-31,사업보고서,KRW,ifrs-full_ProfitLossAttributableToOwnersOfParent,지배기업의소유주지분,"-5,901,271,545","-1,655,832,934","4,486,045,974"
"포괄손익계산서, 성격별 분류(세후기타포괄손익) - 연결재무제표",[104620],노랑풍선,코스닥시장상장법인,752,여행사 및 기타 여행보조 서비스업,12,2020-12-31,사업보고서,KRW,ifrs-full_ProfitLossAttributableToNoncontrollingInterests,비지배지분,,,
"포괄손익계산서, 성격별 분류(세후기타포괄손익) - 연결재무제표",[104620],노랑풍선,코스닥시장상장법인,752,여행사 및 기타 여행보조 서비스업,12,2020-12-31,사업보고서,KRW,ifrs-full_OtherComprehensiveIncome,기타포괄손익,,,
"포괄손익계산서, 성격별 분류(세후기타포괄손익) - 연결재무제표",[104620],노랑풍선,코스닥시장상장법인,752,여행사 및 기타 여행보조 서비스업,12,2020-12-31,사업보고서,KRW,ifrs-full_ComprehensiveIncome,총포괄이익(손실),"-5,901,271,545","-1,655,832,934","4,486,045,974"
"포괄손익계산서, 성격별 분류(세후기타포괄손익) - 연결재무제표",[104620],노랑풍선,코스닥시장상장법인,752,여행사 및 기타 여행보조 서비스업,12,2020-12-31,사업보고서,KRW,ifrs-full_ComprehensiveIncomeAttributableToAbstract,총포괄이익(손실)의 귀속,,,
"포괄손익계산서, 성격별 분류(세후기타포괄손익) - 연결재무제표",[104620],노랑풍선,코스닥시장상장법인,752,여행사 및 기타 여행보조 서비스업,12,2020-12-31,사업보고서,KRW,ifrs-full_ComprehensiveIncomeAttributableToOwnersOfParent,지배기업의소유주지분,"-5,901,271,545","-1,655,832,934","4,486,045,974"
"포괄손익계산서, 성격별 분류(세후기타포괄손익) - 연결재무제표",[104620],노랑풍선,코스닥시장상장법인,752,여행사 및 기타 여행보조 서비스업,12,2020-12-31,사업보고서,KRW,ifrs-full_ComprehensiveIncomeAttributableToNoncontrollingInterests,비지배지분,,,
"포괄손익계산서, 성격별 분류(세후기타포괄손익) - 연결재무제표",[104620],노랑풍선,코스닥시장상장법인,752,여행사 및 기타 여행보조 서비스업,12,2020-12-31,사업보고서,KRW,ifrs-full_EarningsPerShareAbstract,지배기업소유주지분에 대한 주당손익,,,
"포괄손익계산서, 성격별 분류(세후기타포괄손익) - 연결재무제표",[104620],노랑풍선,코스닥시장상장법인,752,여행사 및 기타 여행보조 서비스업,12,2020-12-31,사업보고서,KRW,ifrs-full_BasicEarningsLossPerShare,기본및희석주당순손익,"-1,238",-352,"1,201"
"포괄손익계산서, 성격별 분류(세후기타포괄손익) - 연결재무제표",[080160],모두투어,코스닥시장상장법인,752,여행사 및 기타 여행보조 서비스업,12,2020-12-31,사업보고서,KRW,ifrs-full_Revenue,매출액,"54,771,072,739","297,168,691,342","364,973,001,111"
"포괄손익계산서, 성격별 분류(세후기타포괄손익) - 연결재무제표",[080160],모두투어,코스닥시장상장법인,752,여행사 및 기타 여행보조 서비스업,12,2020-12-31,사업보고서,KRW,entity00456218_udf_IS_2021320141227264_StatementOfComprehensiveIncomeAbstract,매출원가,"14,977,396,062","53,130,023,858","86,979,218,524"
"포괄손익계산서, 성격별 분류(세후기타포괄손익) - 연결재무제표",[080160],모두투어,코스닥시장상장법인,752,여행사 및 기타 여행보조 서비스업,12,2020-12-31,사업보고서,KRW,entity00456218_udf_IS_202132014131814_StatementOfComprehensiveIncomeAbstract,매출총이익,"39,793,676,677","244,038,667,484","277,993,782,587"
"포괄손익계산서, 성격별 분류(세후기타포괄손익) - 연결재무제표",[080160],모두투어,코스닥시장상장법인,752,여행사 및 기타 여행보조 서비스업,12,2020-12-31,사업보고서,KRW,dart_OperatingExpenses,판매비와관리비,"60,993,596,153","240,840,641,070","261,383,067,284"
"포괄손익계산서, 성격별 분류(세후기타포괄손익) - 연결재무제표",[080160],모두투어,코스닥시장상장법인,752,여행사 및 기타 여행보조 서비스업,12,2020-12-31,사업보고서,KRW,ifrs-full_EmployeeBenefitsExpense,종업원급여비용,"28,865,020,657","76,940,424,251","74,936,238,903"
"포괄손익계산서, 성격별 분류(세후기타포괄손익) - 연결재무제표",[080160],모두투어,코스닥시장상장법인,752,여행사 및 기타 여행보조 서비스업,12,2020-12-31,사업보고서,KRW,dart_DepreciationExpense,감가상각비와기타상각비,"6,412,972,983","5,926,750,336","3,333,354,091"
"포괄손익계산서, 성격별 분류(세후기타포괄손익) - 연결재무제표",[080160],모두투어,코스닥시장상장법인,752,여행사 및 기타 여행보조 서비스업,12,2020-12-31,사업보고서,KRW,dart_Commissions,지급수수료,"15,586,575,589","94,472,467,218","108,162,804,835"
"포괄손익계산서, 성격별 분류(세후기타포괄손익) - 연결재무제표",[080160],모두투어,코스닥시장상장법인,752,여행사 및 기타 여행보조 서비스업,12,2020-12-31,사업보고서,KRW,dart_MiscellaneousExpenses,기타판매비와관리비,"10,129,026,924","63,500,999,265","74,950,669,455"
"포괄손익계산서, 성격별 분류(세후기타포괄손익) - 연결재무제표",[080160],모두투어,코스닥시장상장법인,752,여행사 및 기타 여행보조 서비스업,12,2020-12-31,사업보고서,KRW,dart_OperatingIncomeLoss,영업이익,"-21,199,919,476","3,198,026,414","16,610,715,303"
"포괄손익계산서, 성격별 분류(세후기타포괄손익) - 연결재무제표",[080160],모두투어,코스닥시장상장법인,752,여행사 및 기타 여행보조 서비스업,12,2020-12-31,사업보고서,KRW,dart_OtherGains,기타손익 및 금융손익,"-42,445,739,734","1,699,012,135","-986,244,318"
"포괄손익계산서, 성격별 분류(세후기타포괄손익) - 연결재무제표",[080160],모두투어,코스닥시장상장법인,752,여행사 및 기타 여행보조 서비스업,12,2020-12-31,사업보고서,KRW,entity00456218_udf_IS_2021320141751784_OtherGains,기타수익,"6,264,724,783","7,352,759,302","5,093,549,882"
"포괄손익계산서, 성격별 분류(세후기타포괄손익) - 연결재무제표",[080160],모두투어,코스닥시장상장법인,752,여행사 및 기타 여행보조 서비스업,12,2020-12-31,사업보고서,KRW,entity00456218_udf_IS_202132014184317_OtherGains,기타비용,"44,899,677,475","5,050,985,320","7,044,509,898"
"포괄손익계산서, 성격별 분류(세후기타포괄손익) - 연결재무제표",[080160],모두투어,코스닥시장상장법인,752,여행사 및 기타 여행보조 서비스업,12,2020-12-31,사업보고서,KRW,entity00456218_udf_IS_2021320141814733_OtherGains,금융수익,"1,351,976,572","3,097,405,275","2,359,881,981"
"포괄손익계산서, 성격별 분류(세후기타포괄손익) - 연결재무제표",[080160],모두투어,코스닥시장상장법인,752,여행사 및 기타 여행보조 서비스업,12,2020-12-31,사업보고서,KRW,entity00456218_udf_IS_202132014182677_OtherGains,금융비용,"5,162,763,614","3,700,167,122","1,395,166,283"
"포괄손익계산서, 성격별 분류(세후기타포괄손익) - 연결재무제표",[080160],모두투어,코스닥시장상장법인,752,여행사 및 기타 여행보조 서비스업,12,2020-12-31,사업보고서,KRW,entity00456218_udf_IS_2021320141834349_StatementOfComprehensiveIncomeAbstract,관계기업투자손익,"-430,691,208","1,428,424,617","134,783,741"
"포괄손익계산서, 성격별 분류(세후기타포괄손익) - 연결재무제표",[080160],모두투어,코스닥시장상장법인,752,여행사 및 기타 여행보조 서비스업,12,2020-12-31,사업보고서,KRW,ifrs-full_ProfitLossBeforeTax,법인세비용차감전순이익(손실),"-64,076,350,418","6,325,463,166","15,759,254,726"
"포괄손익계산서, 성격별 분류(세후기타포괄손익) - 연결재무제표",[080160],모두투어,코스닥시장상장법인,752,여행사 및 기타 여행보조 서비스업,12,2020-12-31,사업보고서,KRW,ifrs-full_IncomeTaxExpenseContinuingOperations,법인세비용,"634,470,744","4,054,930,412","5,602,005,479"
"포괄손익계산서, 성격별 분류(세후기타포괄손익) - 연결재무제표",[080160],모두투어,코스닥시장상장법인,752,여행사 및 기타 여행보조 서비스업,12,2020-12-31,사업보고서,KRW,ifrs-full_ProfitLossFromContinuingOperations,계속영업이익(손실),"-64,710,821,162","2,270,532,754","10,157,249,247"
"포괄손익계산서, 성격별 분류(세후기타포괄손익) - 연결재무제표",[080160],모두투어,코스닥시장상장법인,752,여행사 및 기타 여행보조 서비스업,12,2020-12-31,사업보고서,KRW,ifrs-full_ProfitLossFromDiscontinuedOperations,중단영업이익(손실),,,"2,021,019,620"
"포괄손익계산서, 성격별 분류(세후기타포괄손익) - 연결재무제표",[080160],모두투어,코스닥시장상장법인,752,여행사 및 기타 여행보조 서비스업,12,2020-12-31,사업보고서,KRW,ifrs-full_ProfitLoss,당기순이익(손실),"-64,710,821,162","2,270,532,754","12,178,268,867"
"포괄손익계산서, 성격별 분류(세후기타포괄손익) - 연결재무제표",[080160],모두투어,코스닥시장상장법인,752,여행사 및 기타 여행보조 서비스업,12,2020-12-31,사업보고서,KRW,ifrs-full_ProfitLossAttributableToAbstract,당기순이익의 귀속,,,
"포괄손익계산서, 성격별 분류(세후기타포괄손익) - 연결재무제표",[080160],모두투어,코스닥시장상장법인,752,여행사 및 기타 여행보조 서비스업,12,2020-12-31,사업보고서,KRW,ifrs-full_ProfitLossAttributableToOwnersOfParent,지배기업소유주지분,"-64,525,920,999","1,788,143,790","12,552,416,299"
"포괄손익계산서, 성격별 분류(세후기타포괄손익) - 연결재무제표",[080160],모두투어,코스닥시장상장법인,752,여행사 및 기타 여행보조 서비스업,12,2020-12-31,사업보고서,KRW,ifrs-full_ProfitLossAttributableToNoncontrollingInterests,비지배지분,"-184,900,163","482,388,964","-374,147,432"
"포괄손익계산서, 성격별 분류(세후기타포괄손익) - 연결재무제표",[080160],모두투어,코스닥시장상장법인,752,여행사 및 기타 여행보조 서비스업,12,2020-12-31,사업보고서,KRW,ifrs-full_OtherComprehensiveIncome,기타포괄손익,"-616,772,423","-135,271,861","-124,575,068"
"포괄손익계산서, 성격별 분류(세후기타포괄손익) - 연결재무제표",[080160],모두투어,코스닥시장상장법인,752,여행사 및 기타 여행보조 서비스업,12,2020-12-31,사업보고서,KRW,dart_OtherComprehensiveIncomeThatWillNotBeReclassifiedToProfitOrLossNetOfTax,당기손익으로 재분류되지 않는 세후기타포괄손익,"-820,619,884",,
"포괄손익계산서, 성격별 분류(세후기타포괄손익) - 연결재무제표",[080160],모두투어,코스닥시장상장법인,752,여행사 및 기타 여행보조 서비스업,12,2020-12-31,사업보고서,KRW,entity00456218_udf_IS_20213201425991_OtherComprehensiveIncomeThatWillNotBeReclassifiedToProfitOrLossNetOfTax,보험수리적손익,"-820,619,884",,
"포괄손익계산서, 성격별 분류(세후기타포괄손익) - 연결재무제표",[080160],모두투어,코스닥시장상장법인,752,여행사 및 기타 여행보조 서비스업,12,2020-12-31,사업보고서,KRW,dart_OtherComprehensiveIncomeThatWillBeReclassifiedToProfitOrLossNetOfTax,당기손익으로 재분류되는 세후기타포괄손익,"203,847,461","-135,271,861","-124,575,068"
"포괄손익계산서, 성격별 분류(세후기타포괄손익) - 연결재무제표",[080160],모두투어,코스닥시장상장법인,752,여행사 및 기타 여행보조 서비스업,12,2020-12-31,사업보고서,KRW,entity00456218_udf_IS_2021320142652639_OtherComprehensiveIncomeThatWillBeReclassifiedToProfitOrLossNetOfTax,지분법자본변동,"-4,944,594","46,284,666","35,502,579"
"포괄손익계산서, 성격별 분류(세후기타포괄손익) - 연결재무제표",[080160],모두투어,코스닥시장상장법인,752,여행사 및 기타 여행보조 서비스업,12,2020-12-31,사업보고서,KRW,entity00456218_udf_IS_2021320142710966_OtherComprehensiveIncomeThatWillBeReclassifiedToProfitOrLossNetOfTax,통화스왑평가손익,"58,791,385","-42,962,129","-143,762,911"
"포괄손익계산서, 성격별 분류(세후기타포괄손익) - 연결재무제표",[080160],모두투어,코스닥시장상장법인,752,여행사 및 기타 여행보조 서비스업,12,2020-12-31,사업보고서,KRW,entity00456218_udf_IS_2021320142722566_OtherComprehensiveIncomeThatWillBeReclassifiedToProfitOrLossNetOfTax,이자율스왑평가손익,"-95,767,491","-161,925,781",
"포괄손익계산서, 성격별 분류(세후기타포괄손익) - 연결재무제표",[080160],모두투어,코스닥시장상장법인,752,여행사 및 기타 여행보조 서비스업,12,2020-12-31,사업보고서,KRW,entity00456218_udf_IS_2021320142729478_OtherComprehensiveIncomeThatWillBeReclassifiedToProfitOrLossNetOfTax,해외사업환산손익,"245,768,161","23,331,383","-16,314,736"
"포괄손익계산서, 성격별 분류(세후기타포괄손익) - 연결재무제표",[080160],모두투어,코스닥시장상장법인,752,여행사 및 기타 여행보조 서비스업,12,2020-12-31,사업보고서,KRW,ifrs-full_ComprehensiveIncome,총포괄손익,"-65,327,593,585","2,135,260,893","12,053,693,799"
"포괄손익계산서, 성격별 분류(세후기타포괄손익) - 연결재무제표",[080160],모두투어,코스닥시장상장법인,752,여행사 및 기타 여행보조 서비스업,12,2020-12-31,사업보고서,KRW,ifrs-full_ComprehensiveIncomeAttributableToAbstract,총포괄이익의 귀속,,,
"포괄손익계산서, 성격별 분류(세후기타포괄손익) - 연결재무제표",[080160],모두투어,코스닥시장상장법인,752,여행사 및 기타 여행보조 서비스업,12,2020-12-31,사업보고서,KRW,ifrs-full_ComprehensiveIncomeAttributableToOwnersOfParent,지배기업소유주지분,"-65,121,141,127","1,771,373,473","12,427,841,231"
"포괄손익계산서, 성격별 분류(세후기타포괄손익) - 연결재무제표",[080160],모두투어,코스닥시장상장법인,752,여행사 및 기타 여행보조 서비스업,12,2020-12-31,사업보고서,KRW,ifrs-full_ComprehensiveIncomeAttributableToNoncontrollingInterests,비지배지분,"-206,452,458","363,887,420","-374,147,432"
"포괄손익계산서, 성격별 분류(세후기타포괄손익) - 연결재무제표",[080160],모두투어,코스닥시장상장법인,752,여행사 및 기타 여행보조 서비스업,12,2020-12-31,사업보고서,KRW,ifrs-full_EarningsPerShareAbstract,지배기업 소유주지분에 대한 주당이익,,,
"포괄손익계산서, 성격별 분류(세후기타포괄손익) - 연결재무제표",[080160],모두투어,코스닥시장상장법인,752,여행사 및 기타 여행보조 서비스업,12,2020-12-31,사업보고서,KRW,ifrs-full_BasicEarningsLossPerShare,기본및희석주당순이익,"-3,703",101,695
"포괄손익계산서, 성격별 분류(세후기타포괄손익) - 연결재무제표",[080160],모두투어,코스닥시장상장법인,752,여행사 및 기타 여행보조 서비스업,12,2020-12-31,사업보고서,KRW,ifrs-full_BasicEarningsLossPerShareFromContinuingOperations,계속영업기본및희석주당이익(손실),"-3,703",101,583
"포괄손익계산서, 성격별 분류(세후기타포괄손익) - 연결재무제표",[080160],모두투어,코스닥시장상장법인,752,여행사 및 기타 여행보조 서비스업,12,2020-12-31,사업보고서,KRW,ifrs-full_BasicEarningsLossPerShareFromDiscontinuedOperations,중단영업기본및희석주당이익(손실),,,112
"포괄손익계산서, 성격별 분류(세후기타포괄손익) - 연결재무제표",[039130],하나투어,유가증권시장상장법인,752,여행사 및 기타 여행보조 서비스업,12,2020-12-31,사업보고서,KRW,ifrs-full_Revenue,영업수익,"109,571,614,320","614,602,328,130","698,173,196,720"
"포괄손익계산서, 성격별 분류(세후기타포괄손익) - 연결재무제표",[039130],하나투어,유가증권시장상장법인,752,여행사 및 기타 여행보조 서비스업,12,2020-12-31,사업보고서,KRW,dart_OperatingExpenses,영업비용,"224,438,312,806","607,142,294,428","668,760,360,419"
"포괄손익계산서, 성격별 분류(세후기타포괄손익) - 연결재무제표",[039130],하나투어,유가증권시장상장법인,752,여행사 및 기타 여행보조 서비스업,12,2020-12-31,사업보고서,KRW,dart_BadDebtExpenses,대손상각비,"13,343,343,201","5,801,390,179","3,231,065,228"
"포괄손익계산서, 성격별 분류(세후기타포괄손익) - 연결재무제표",[039130],하나투어,유가증권시장상장법인,752,여행사 및 기타 여행보조 서비스업,12,2020-12-31,사업보고서,KRW,entity00269940_udf_IS_202131114504839_OperatingExpenses,기타영업비용,"211,094,969,605","601,340,904,249","665,529,295,191"
"포괄손익계산서, 성격별 분류(세후기타포괄손익) - 연결재무제표",[039130],하나투어,유가증권시장상장법인,752,여행사 및 기타 여행보조 서비스업,12,2020-12-31,사업보고서,KRW,dart_OperatingIncomeLoss,영업이익(손실),"-114,866,698,486","7,460,033,702","29,412,836,301"
"포괄손익계산서, 성격별 분류(세후기타포괄손익) - 연결재무제표",[039130],하나투어,유가증권시장상장법인,752,여행사 및 기타 여행보조 서비스업,12,2020-12-31,사업보고서,KRW,entity00269940_udf_IS_2021311145255443_OperatingIncomeLoss,유효이자율법에 의한 이자수익,"1,875,972,189","2,981,725,186","3,518,246,693"
"포괄손익계산서, 성격별 분류(세후기타포괄손익) - 연결재무제표",[039130],하나투어,유가증권시장상장법인,752,여행사 및 기타 여행보조 서비스업,12,2020-12-31,사업보고서,KRW,entity00269940_udf_IS_2021311145749919_OperatingIncomeLoss,기타금융수익,"391,404,230","888,324,684","164,869,014"
"포괄손익계산서, 성격별 분류(세후기타포괄손익) - 연결재무제표",[039130],하나투어,유가증권시장상장법인,752,여행사 및 기타 여행보조 서비스업,12,2020-12-31,사업보고서,KRW,entity00269940_udf_IS_2021311145759755_OperatingIncomeLoss,금융비용,"-9,064,506,308","-8,719,195,080","-1,241,187,680"
"포괄손익계산서, 성격별 분류(세후기타포괄손익) - 연결재무제표",[039130],하나투어,유가증권시장상장법인,752,여행사 및 기타 여행보조 서비스업,12,2020-12-31,사업보고서,KRW,entity00269940_udf_IS_202131114586711_OperatingIncomeLoss,종속기업 및 관계기업투자자산 관련 손익,"-4,137,405,467","-2,795,157,166","-480,312,819"
"포괄손익계산서, 성격별 분류(세후기타포괄손익) - 연결재무제표",[039130],하나투어,유가증권시장상장법인,752,여행사 및 기타 여행보조 서비스업,12,2020-12-31,사업보고서,KRW,entity00269940_udf_IS_202131114581561_OperatingIncomeLoss,기타수익,"11,708,098,395","15,704,786,950","9,803,233,428"
"포괄손익계산서, 성격별 분류(세후기타포괄손익) - 연결재무제표",[039130],하나투어,유가증권시장상장법인,752,여행사 및 기타 여행보조 서비스업,12,2020-12-31,사업보고서,KRW,entity00269940_udf_IS_2021311145829134_OperatingIncomeLoss,기타비용,"-74,710,136,006","-14,875,495,396","-8,204,831,414"
"포괄손익계산서, 성격별 분류(세후기타포괄손익) - 연결재무제표",[039130],하나투어,유가증권시장상장법인,752,여행사 및 기타 여행보조 서비스업,12,2020-12-31,사업보고서,KRW,entity00269940_udf_IS_2021311172844752_OperatingIncomeLoss,기타의 대손상각비,"-718,002,404",0,"43,011,288"
"포괄손익계산서, 성격별 분류(세후기타포괄손익) - 연결재무제표",[039130],하나투어,유가증권시장상장법인,752,여행사 및 기타 여행보조 서비스업,12,2020-12-31,사업보고서,KRW,entity00269940_udf_IS_2021318153628676_StatementOfComprehensiveIncomeAbstract,법인세비용차감전순손익,"-189,521,273,857","645,022,880","33,015,864,811"
"포괄손익계산서, 성격별 분류(세후기타포괄손익) - 연결재무제표",[039130],하나투어,유가증권시장상장법인,752,여행사 및 기타 여행보조 서비스업,12,2020-12-31,사업보고서,KRW,ifrs-full_IncomeTaxExpenseContinuingOperations,계속영업법인세비용(수익),"-30,709,687,089","6,223,690,240","11,438,882,500"
"포괄손익계산서, 성격별 분류(세후기타포괄손익) - 연결재무제표",[039130],하나투어,유가증권시장상장법인,752,여행사 및 기타 여행보조 서비스업,12,2020-12-31,사업보고서,KRW,ifrs-full_ProfitLossFromContinuingOperations,계속영업이익(손실),"-158,811,586,768","-5,578,667,360","21,576,982,311"
"포괄손익계산서, 성격별 분류(세후기타포괄손익) - 연결재무제표",[039130],하나투어,유가증권시장상장법인,752,여행사 및 기타 여행보조 서비스업,12,2020-12-31,사업보고서,KRW,ifrs-full_ProfitLossFromDiscontinuedOperations,중단영업이익(손실),"-59,759,453,144","-6,373,184,159","-10,990,184,642"
"포괄손익계산서, 성격별 분류(세후기타포괄손익) - 연결재무제표",[039130],하나투어,유가증권시장상장법인,752,여행사 및 기타 여행보조 서비스업,12,2020-12-31,사업보고서,KRW,ifrs-full_ProfitLoss,당기순이익(손실),"-218,571,039,912","-11,951,851,519","10,586,797,669"
"포괄손익계산서, 성격별 분류(세후기타포괄손익) - 연결재무제표",[039130],하나투어,유가증권시장상장법인,752,여행사 및 기타 여행보조 서비스업,12,2020-12-31,사업보고서,KRW,ifrs-full_OtherComprehensiveIncome,법인세차감후 기타포괄이익,"3,193,888,335","3,235,325,865","3,765,700,382"
"포괄손익계산서, 성격별 분류(세후기타포괄손익) - 연결재무제표",[039130],하나투어,유가증권시장상장법인,752,여행사 및 기타 여행보조 서비스업,12,2020-12-31,사업보고서,KRW,dart_OtherComprehensiveIncomeThatWillNotBeReclassifiedToProfitOrLossNetOfTax,후속적으로 당기손익으로 재분류 되지 않는 항목,"-70,116,914","-426,975,152","-198,442,042"
"포괄손익계산서, 성격별 분류(세후기타포괄손익) - 연결재무제표",[039130],하나투어,유가증권시장상장법인,752,여행사 및 기타 여행보조 서비스업,12,2020-12-31,사업보고서,KRW,ifrs-full_OtherComprehensiveIncomeNetOfTaxGainsLossesOnRevaluation,기타포괄손익-공정가치측정금융자산평가손실,"-70,116,914","-426,975,152","-198,442,042"
"포괄손익계산서, 성격별 분류(세후기타포괄손익) - 연결재무제표",[039130],하나투어,유가증권시장상장법인,752,여행사 및 기타 여행보조 서비스업,12,2020-12-31,사업보고서,KRW,dart_OtherComprehensiveIncomeThatWillBeReclassifiedToProfitOrLossNetOfTax,후속적으로 당기손익으로 재분류될 수 있는 항목,"3,264,005,249","3,662,301,017","3,964,142,424"
"포괄손익계산서, 성격별 분류(세후기타포괄손익) - 연결재무제표",[039130],하나투어,유가증권시장상장법인,752,여행사 및 기타 여행보조 서비스업,12,2020-12-31,사업보고서,KRW,dart_ShareOfOtherComprehensiveIncomeOfAssociatesAndJointVenturesAccountedForUsingEquityMethodThatWillBeReclassifiedToProfitOrLossNetOfTax,지분법자본변동 중 당기손익으로 재분류될 수 있는 항목,0,"12,936,575","-38,446,617"
"포괄손익계산서, 성격별 분류(세후기타포괄손익) - 연결재무제표",[039130],하나투어,유가증권시장상장법인,752,여행사 및 기타 여행보조 서비스업,12,2020-12-31,사업보고서,KRW,ifrs-full_GainsLossesOnExchangeDifferencesOnTranslationNetOfTax,해외사업환산이익,"3,264,005,249","3,649,364,442","4,002,589,041"
"포괄손익계산서, 성격별 분류(세후기타포괄손익) - 연결재무제표",[039130],하나투어,유가증권시장상장법인,752,여행사 및 기타 여행보조 서비스업,12,2020-12-31,사업보고서,KRW,ifrs-full_ComprehensiveIncome,총포괄이익(손실),"-215,377,151,577","-8,716,525,654","14,352,498,051"
"포괄손익계산서, 성격별 분류(세후기타포괄손익) - 연결재무제표",[039130],하나투어,유가증권시장상장법인,752,여행사 및 기타 여행보조 서비스업,12,2020-12-31,사업보고서,KRW,ifrs-full_ProfitLossAttributableToAbstract,당기순이익(손실)의 귀속 [abstract],,,
"포괄손익계산서, 성격별 분류(세후기타포괄손익) - 연결재무제표",[039130],하나투어,유가증권시장상장법인,752,여행사 및 기타 여행보조 서비스업,12,2020-12-31,사업보고서,KRW,ifrs-full_ProfitLossAttributableToOwnersOfParent,지배기업소유주지분,"-172,012,333,841","-8,027,403,367","8,749,373,217"
"포괄손익계산서, 성격별 분류(세후기타포괄손익) - 연결재무제표",[039130],하나투어,유가증권시장상장법인,752,여행사 및 기타 여행보조 서비스업,12,2020-12-31,사업보고서,KRW,ifrs-full_ProfitLossAttributableToNoncontrollingInterests,비지배주주지분,"-46,558,706,071","-3,924,448,152","1,837,424,452"
"포괄손익계산서, 성격별 분류(세후기타포괄손익) - 연결재무제표",[039130],하나투어,유가증권시장상장법인,752,여행사 및 기타 여행보조 서비스업,12,2020-12-31,사업보고서,KRW,ifrs-full_ComprehensiveIncomeAttributableToAbstract,당기총포괄이익(손실)의 귀속,,,
"포괄손익계산서, 성격별 분류(세후기타포괄손익) - 연결재무제표",[039130],하나투어,유가증권시장상장법인,752,여행사 및 기타 여행보조 서비스업,12,2020-12-31,사업보고서,KRW,ifrs-full_ComprehensiveIncomeAttributableToOwnersOfParent,지배기업소유주지분,"-170,353,428,040","-5,956,488,324","10,778,868,556"
"포괄손익계산서, 성격별 분류(세후기타포괄손익) - 연결재무제표",[039130],하나투어,유가증권시장상장법인,752,여행사 및 기타 여행보조 서비스업,12,2020-12-31,사업보고서,KRW,ifrs-full_ComprehensiveIncomeAttributableToNoncontrollingInterests,비지배주주지분,"-45,023,723,537","-2,760,037,330","3,573,629,495"
"포괄손익계산서, 성격별 분류(세후기타포괄손익) - 연결재무제표",[039130],하나투어,유가증권시장상장법인,752,여행사 및 기타 여행보조 서비스업,12,2020-12-31,사업보고서,KRW,ifrs-full_EarningsPerShareAbstract,지배기업소유주지분에 대한 주당손익,,,
"포괄손익계산서, 성격별 분류(세후기타포괄손익) - 연결재무제표",[039130],하나투어,유가증권시장상장법인,752,여행사 및 기타 여행보조 서비스업,12,2020-12-31,사업보고서,KRW,ifrs-full_BasicEarningsLossPerShare,기본주당순이익(손실),"-13,210",-725,791
"포괄손익계산서, 성격별 분류(세후기타포괄손익) - 연결재무제표",[039130],하나투어,유가증권시장상장법인,752,여행사 및 기타 여행보조 서비스업,12,2020-12-31,사업보고서,KRW,ifrs-full_BasicEarningsLossPerShareFromContinuingOperations,계속영업기본주당순이익(손실),"-9,232",290,"2,327"
"포괄손익계산서, 성격별 분류(세후기타포괄손익) - 연결재무제표",[039130],하나투어,유가증권시장상장법인,752,여행사 및 기타 여행보조 서비스업,12,2020-12-31,사업보고서,KRW,ifrs-full_BasicEarningsLossPerShareFromDiscontinuedOperations,중단영업기본주당순이익(손실),"-3,978","-1,015","-1,536"
"포괄손익계산서, 성격별 분류(세후기타포괄손익) - 연결재무제표",[039130],하나투어,유가증권시장상장법인,752,여행사 및 기타 여행보조 서비스업,12,2020-12-31,사업보고서,KRW,ifrs-full_DilutedEarningsLossPerShare,희석주당순이익(손실),"-13,210",-725,791
"포괄손익계산서, 성격별 분류(세후기타포괄손익) - 연결재무제표",[039130],하나투어,유가증권시장상장법인,752,여행사 및 기타 여행보조 서비스업,12,2020-12-31,사업보고서,KRW,ifrs-full_DilutedEarningsLossPerShareFromContinuingOperations,계속영업희석주당순이익(손실),"-9,232",290,"2,327"
"포괄손익계산서, 성격별 분류(세후기타포괄손익) - 연결재무제표",[039130],하나투어,유가증권시장상장법인,752,여행사 및 기타 여행보조 서비스업,12,2020-12-31,사업보고서,KRW,ifrs-full_DilutedEarningsLossPerShareFromDiscontinuedOperations,중단영업희석주당순이익(손실),"-3,978","-1,015","-1,536"